Andrés,García,andres.garcia@email.com,12345678A
Lucía,Fernández,lucia.fernandez@email.com,22334455B
Carlos,Pérez,carlos.perez@email.com,33445566C
María,López,maria.lopez@email.com,44556677D
Javier,Morales,javier.morales@email.com,55667788E
Sofía,Sánchez,sofia.sanchez@email.com,66778899F
Raúl,Torres,raul.torres@email.com,77889900G
Paula,Núñez,paula.nunez@email.com,88990011H
David,Ruiz,david.ruiz@email.com,99001122J
Nerea,Castro,nerea.castro@email.com,87654321Z
